{
  "B0": {
    "scrs_delta": {
      "mean": 706.3957055214723,
      "std_dev": 475.5943196823032,
      "p95": 1622.0,
      "p99": 1718.25
    },
    "smr_days": {
      "mean": 23.363283912747104,
      "std_dev": 83.78612629727465,
      "p95": 118.52604166666666,
      "p99": 378.8932291666667
    },
    "pcri": {
      "mean": 6.5184049079754605,
      "std_dev": 5.001039637483533,
      "p95": 15.0,
      "p99": 18.0
    },
    "vts_days": {
      "mean": 23.363283912747104,
      "std_dev": 83.78612629727465,
      "p95": 118.52604166666666,
      "p99": 378.8932291666667
    },
    "vts_contests": {
      "mean": 0.5460122699386503,
      "std_dev": 1.0807998287324527,
      "p95": 2.0,
      "p99": 2.0
    },
    "vts_rating": {
      "mean": 239.74846625766872,
      "std_dev": 299.2874635037877,
      "p95": 751.5,
      "p99": 793.5
    },
    "dji_diff": {
      "mean": 1756.441717791411,
      "std_dev": 621.5986523794867,
      "p95": 2875.0,
      "p99": 3350.0
    },
    "wahr": {
      "mean": 0.5104790419161677,
      "std_dev": 0.49989017761956395,
      "p95": 1.0,
      "p99": 1.0
    },
    "smr_contests": {
      "mean": 0.5460122699386503,
      "std_dev": 1.0807998287324527,
      "p95": 2.0,
      "p99": 2.0
    }
  },
  "B3": {
    "smr_contests": {
      "mean": 28.65115354017502,
      "std_dev": 24.165771483610122,
      "p95": 77.0,
      "p99": 116.86999999999989
    },
    "scrs_delta": {
      "mean": 31.966189339697692,
      "std_dev": 83.6661598445869,
      "p95": 180.3499999999999,
      "p99": 276.8699999999999
    },
    "smr_days": {
      "mean": 465.90327333598515,
      "std_dev": 715.9567263933901,
      "p95": 1121.530729166666,
      "p99": 5647.883888888889
    },
    "pcri": {
      "mean": 124.67740652346858,
      "std_dev": 99.50107713142835,
      "p95": 322.0,
      "p99": 466.6099999999997
    },
    "vts_days": {
      "mean": 465.90327333598515,
      "std_dev": 715.9567263933901,
      "p95": 1121.530729166666,
      "p99": 5647.883888888889
    },
    "vts_contests": {
      "mean": 28.65115354017502,
      "std_dev": 24.165771483610122,
      "p95": 77.0,
      "p99": 116.86999999999989
    },
    "vts_rating": {
      "mean": 1814.892601431981,
      "std_dev": 116.31936772194965,
      "p95": 1983.0,
      "p99": 1996.0
    },
    "dji_diff": {
      "mean": 2076.173428798727,
      "std_dev": 505.76736926758014,
      "p95": 2900.0,
      "p99": 3300.0
    },
    "wahr": {
      "mean": 0.3550863723608445,
      "std_dev": 0.47853948690203213,
      "p95": 1.0,
      "p99": 1.0
    }
  },
  "B4": {
    "smr_contests": {
      "mean": 48.53180862250263,
      "std_dev": 34.142157931999485,
      "p95": 118.84999999999991,
      "p99": 149.0
    },
    "scrs_delta": {
      "mean": 20.421398527865406,
      "std_dev": 75.20171873762953,
      "p95": 146.0,
      "p99": 205.9699999999998
    },
    "smr_days": {
      "mean": 831.389806052109,
      "std_dev": 669.5247015636724,
      "p95": 1944.7298611111107,
      "p99": 2988.656388888886
    },
    "pcri": {
      "mean": 220.5885909568875,
      "std_dev": 153.6390364071229,
      "p95": 525.0,
      "p99": 656.9399999999996
    },
    "vts_days": {
      "mean": 831.389806052109,
      "std_dev": 669.5247015636724,
      "p95": 1944.7298611111107,
      "p99": 2988.656388888886
    },
    "vts_contests": {
      "mean": 48.53180862250263,
      "std_dev": 34.142157931999485,
      "p95": 118.84999999999991,
      "p99": 149.0
    },
    "vts_rating": {
      "mean": 2204.7005783385907,
      "std_dev": 113.41850416462948,
      "p95": 2381.0,
      "p99": 2396.0
    },
    "dji_diff": {
      "mean": 2400.131440588854,
      "std_dev": 502.83892637498315,
      "p95": 3300.0,
      "p99": 3500.0
    },
    "wahr": {
      "mean": 0.3511607405230679,
      "std_dev": 0.4773330858408607,
      "p95": 1.0,
      "p99": 1.0
    }
  },
  "B5": {
    "smr_contests": {
      "mean": 83.68426934898017,
      "std_dev": 58.045037538882596,
      "p95": 206.0,
      "p99": 275.0
    },
    "scrs_delta": {
      "mean": 10.728974573903326,
      "std_dev": 72.45816610654015,
      "p95": 126.0,
      "p99": 185.0
    },
    "smr_days": {
      "mean": 1491.324135582565,
      "std_dev": 933.2443892967593,
      "p95": 3274.196180555555,
      "p99": 4812.254999999996
    },
    "pcri": {
      "mean": 388.4797429449567,
      "std_dev": 268.62667266215175,
      "p95": 966.3999999999996,
      "p99": 1277.8799999999992
    },
    "vts_days": {
      "mean": 1491.324135582565,
      "std_dev": 933.2443892967593,
      "p95": 3274.196180555555,
      "p99": 4812.254999999996
    },
    "vts_contests": {
      "mean": 83.68426934898017,
      "std_dev": 58.045037538882596,
      "p95": 206.0,
      "p99": 275.0
    },
    "vts_rating": {
      "mean": 2556.110366024029,
      "std_dev": 86.65208799957337,
      "p95": 2686.0,
      "p99": 2697.0
    },
    "dji_diff": {
      "mean": 2580.0782341436156,
      "std_dev": 564.5951596980015,
      "p95": 3300.0,
      "p99": 3500.0
    },
    "wahr": {
      "mean": 0.354978354978355,
      "std_dev": 0.4785067632491896,
      "p95": 1.0,
      "p99": 1.0
    }
  },
  "B6": {
    "smr_contests": {
      "mean": 135.02125506072875,
      "std_dev": 69.1014110840686,
      "p95": 267.0,
      "p99": 316.0
    },
    "scrs_delta": {
      "mean": -3.509514170040486,
      "std_dev": 83.26490158888123,
      "p95": 127.0,
      "p99": 188.0
    },
    "smr_days": {
      "mean": 2484.6006086932075,
      "std_dev": 1304.5032084742206,
      "p95": 5053.267534722223,
      "p99": 5714.282638888887
    },
    "pcri": {
      "mean": 711.1352226720647,
      "std_dev": 371.4074341201146,
      "p95": 1440.0,
      "p99": 1689.829999999999
    },
    "vts_days": {
      "mean": 2484.6006086932075,
      "std_dev": 1304.5032084742206,
      "p95": 5053.267534722223,
      "p99": 5714.282638888887
    },
    "vts_contests": {
      "mean": 135.02125506072875,
      "std_dev": 69.1014110840686,
      "p95": 267.0,
      "p99": 316.0
    },
    "vts_rating": {
      "mean": 3045.62004048583,
      "std_dev": 281.44334822899356,
      "p95": 3609.1000000000004,
      "p99": 3804.6099999999997
    },
    "dji_diff": {
      "mean": 2931.336032388664,
      "std_dev": 480.4285330216588,
      "p95": 3500.0,
      "p99": 3500.0
    },
    "wahr": {
      "mean": 0.31976744186046513,
      "std_dev": 0.46638634734142803,
      "p95": 1.0,
      "p99": 1.0
    }
  },
  "B2": {
    "smr_contests": {
      "mean": 14.886052871467639,
      "std_dev": 15.714138365951223,
      "p95": 48.0,
      "p99": 77.03999999999996
    },
    "scrs_delta": {
      "mean": 54.71376481312671,
      "std_dev": 102.17752315038747,
      "p95": 257.8000000000002,
      "p99": 382.15999999999985
    },
    "smr_days": {
      "mean": 230.2728843816469,
      "std_dev": 262.7343674499349,
      "p95": 662.8854166666671,
      "p99": 1418.124722222222
    },
    "pcri": {
      "mean": 60.876025524156795,
      "std_dev": 62.783033807445186,
      "p95": 199.80000000000018,
      "p99": 315.1199999999999
    },
    "vts_days": {
      "mean": 230.2728843816469,
      "std_dev": 262.7343674499349,
      "p95": 662.8854166666671,
      "p99": 1418.124722222222
    },
    "vts_contests": {
      "mean": 14.886052871467639,
      "std_dev": 15.714138365951223,
      "p95": 48.0,
      "p99": 77.03999999999996
    },
    "vts_rating": {
      "mean": 1446.506836827712,
      "std_dev": 109.6422382941997,
      "p95": 1589.2,
      "p99": 1598.0
    },
    "dji_diff": {
      "mean": 1787.7848678213309,
      "std_dev": 537.1150163361214,
      "p95": 2700.0,
      "p99": 3200.0
    },
    "wahr": {
      "mean": 0.3888888888888889,
      "std_dev": 0.48749802152178456,
      "p95": 1.0,
      "p99": 1.0
    }
  },
  "B1": {
    "smr_contests": {
      "mean": 7.136882129277566,
      "std_dev": 7.812214342968267,